{
  "tasks": [
    {
      "id": 6,
      "task_name": "global error handling"
    },
    {
      "id": 8,
      "task_name": "ngx-toastr added add/update",
      "isCompleted": true
    },
    {
      "id": 9,
      "task_name": "interceptor added HTTP",
      "isCompleted": true
    },
    {
      "id": 12,
      "task_name": "app online/offline status"
    },
    {
      "id": 13,
      "task_name": "pipe transform added",
      "isCompleted": false
    },
    {
      "id": 14,
      "task_name": "ngClass ngStyle",
      "isCompleted": true
    },
    {
      "id": 15,
      "task_name": "complete task functionality",
      "isCompleted": true
    },
    {
      "id": 16,
      "task_name": "added directive",
      "isCompleted": true
    }
  ]
}